{"extensionType":"field_faas","i18nMap":{"zh-CN":{"phone":"手机号","province":"省份","city":"城市","sp":"运营商","placeholderPhone":"请选择手机号对应的文本或数字字段"},"en-US":{"phone":"Phone Number","province":"Province","city":"City","sp":"Service Provider","placeholderPhone":"Please select the numeric field corresponding to the phone number"},"ja-JP":{"phone":"携帯番号","province":"都道府県","city":"市","sp":"通信事業者","placeholderPhone":"携帯番号に対応する数字フィールドを選択してください"}},"fields":[{"fieldType":25,"uiSchema":{"fieldsConfigEditor":{"component":"OpenFieldMetaEditor","props":{"schema":{"items":[{"key":"phone","label":"${{phone}}","component":"FieldSelect","props":{"placeholder":"${{placeholderPhone}}","supportType":[2,1]},"validator":{"required":true}}]}}}},"presetFieldConfig":{"fieldProperty":{"propertyType":25,"icon":{"light":"https://lf3-static.bytednsdoc.com/obj/eden-cn/abjayvoz/ljhwZthlaukjlkulzlp/2024q3/telephone.svg?x-resource-account=public"},"properties":[{"key":"id","title":"id","hidden":true,"propertyType":1},{"key":"primaryProperty","title":"${{province}}","propertyType":1},{"key":"city","title":"${{city}}","propertyType":1},{"key":"sp","title":"${{sp}}","propertyType":1}]},"externalEditorConfig":{}}}]}